{
  "project_info": {
    "project_number": "94308085557",
    "project_id": "miniprojectsemiii",
    "storage_bucket": "miniprojectsemiii.appspot.com"
  },
  "client": [
    {
      "client_info": {
        "mobilesdk_app_id": "1:94308085557:android:bdec9f57b0351ba1e0e67c",
        "android_client_info": {
          "package_name": "com.miniprojectsemiii"
        }
      },
      "oauth_client": [
        {
          "client_id": "94308085557-b0qvpruv1s42fhcg2agb02nf126u8bud.apps.googleusercontent.com",
          "client_type": 1,
          "android_info": {
            "package_name": "com.miniprojectsemiii",
            "certificate_hash": "a02dd0e9d4d1ec5e6da7b1b2b73a24da718c652c"
          }
        },
        {
          "client_id": "94308085557-7te8d7ela8er0pshv7amelh3b5k62ssd.apps.googleusercontent.com",
          "client_type": 3
        }
      ],
      "api_key": [
        {
          "current_key": "AIzaSyAulYTaOkexIGcklY_RwgkoTA9tMDpK_4Y"
        }
      ],
      "services": {
        "appinvite_service": {
          "other_platform_oauth_client": [
            {
              "client_id": "94308085557-7te8d7ela8er0pshv7amelh3b5k62ssd.apps.googleusercontent.com",
              "client_type": 3
            }
          ]
        }
      }
    }
  ],
  "configuration_version": "1"
}